,so_ky_thuat_chon (0-5)
OverallQual,5.0
YearBuilt,5.0
GrLivArea,5.0
BsmtFinSF1,5.0
WoodDeckSF,4.666666666666667
TotalBath,4.666666666666667
GarageCars,4.666666666666667
GarageArea,4.666666666666667
HouseAge,4.666666666666667
TotalSF,4.666666666666667
GarageQual,4.666666666666667
TotRmsAbvGrd,4.666666666666667
MSZoning_RM,4.666666666666667
CentralAir_N,4.666666666666667
RemodAge,4.666666666666667
OverallCond,4.0
TotalBsmtSF,4.0
BsmtQual,3.6666666666666665
CentralAir_Y,3.6666666666666665
1stFlrSF,3.6666666666666665
ExterQual,3.6666666666666665
GarageFinish_Unf,3.6666666666666665
YearRemodAdd,3.6666666666666665
KitchenQual,3.6666666666666665
LotFrontage,3.6666666666666665
LotArea,3.6666666666666665
GarageType_Detchd,3.6666666666666665
GarageCond,3.6666666666666665
2ndFlrSF,3.6666666666666665
OpenPorchSF,3.6666666666666665
HeatingQC,3.6666666666666665
Fireplaces,3.6666666666666665
FireplaceQu,3.6666666666666665
GarageYrBlt,3.3333333333333335
MasVnrArea,3.3333333333333335
FullBath,3.3333333333333335
Foundation_PConc,3.0
MSZoning_RL,3.0
GarageType_Attchd,2.6666666666666665
SaleCondition_Abnorml,2.6666666666666665
MSSubClass,2.6666666666666665
BsmtExposure_Gd,2.6666666666666665
SaleType_New,2.3333333333333335
BsmtFinType1_GLQ,2.3333333333333335
LotShape_Reg,2.3333333333333335
Neighborhood_NridgHt,2.3333333333333335
BsmtUnfSF,2.3333333333333335
Exterior1st_VinylSd,2.0
Foundation_CBlock,2.0
HalfBath,2.0
GarageFinish_Fin,2.0
Exterior2nd_VinylSd,2.0
MasVnrType_Stone,2.0
MasVnrType_None,2.0
Exterior1st_BrkFace,1.6666666666666665
Fence_GdWo,1.6666666666666665
SaleCondition_Normal,1.6666666666666665
Neighborhood_Crawfor,1.6666666666666665
Functional_Typ,1.6666666666666665
MSZoning_C (all),1.6666666666666665
BedroomAbvGr,1.3333333333333333
SaleCondition_Partial,1.3333333333333333
Heating_Grav,1.3333333333333333
Functional_Mod,1.3333333333333333
MSZoning_FV,1.3333333333333333
YrSold,1.3333333333333333
MoSold,1.3333333333333333
EnclosedPorch,1.3333333333333333
BldgType_1Fam,1.3333333333333333
BldgType_Twnhs,1.3333333333333333
Neighborhood_MeadowV,1.3333333333333333
Neighborhood_BrkSide,1.3333333333333333
Condition1_RRAe,1.3333333333333333
LotConfig_CulDSac,1.3333333333333333
Condition1_Norm,1.3333333333333333
Condition1_Artery,1.3333333333333333
Neighborhood_StoneBr,1.3333333333333333
Neighborhood_OldTown,1.3333333333333333
Fence_MnPrv,1.0
Fence_None,1.0
PavedDrive_N,1.0
PavedDrive_Y,1.0
GarageFinish_None,1.0
GarageFinish_RFn,1.0
Neighborhood_Gilbert,1.0
Neighborhood_NWAmes,1.0
Neighborhood_Edwards,1.0
Alley_None,1.0
SaleType_COD,1.0
GarageType_None,1.0
SaleType_WD,1.0
SaleCondition_Family,1.0
Exterior2nd_Brk Cmn,1.0
Exterior1st_MetalSd,1.0
KitchenAbvGr,0.6666666666666666
BsmtFullBath,0.3333333333333333
Neighborhood_Veenker,0.3333333333333333
Condition2_PosA,0.3333333333333333
Condition2_Feedr,0.3333333333333333
ExterCond,0.3333333333333333
MiscFeature_Shed,0.3333333333333333
MiscFeature_None,0.3333333333333333
BldgType_Duplex,0.3333333333333333
Exterior1st_BrkComm,0.3333333333333333
Condition2_RRAn,0.3333333333333333
Condition2_RRNn,0.3333333333333333
BsmtExposure_No,0.3333333333333333
RoofMatl_CompShg,0.3333333333333333
BsmtFinType2_ALQ,0.3333333333333333
RoofMatl_WdShngl,0.3333333333333333
SaleType_ConLD,0.3333333333333333
Functional_Maj2,0.3333333333333333
GarageType_Basment,0.3333333333333333
Heating_Wall,0.3333333333333333
BsmtFinType2_GLQ,0.3333333333333333
SaleType_ConLI,0.3333333333333333
SaleCondition_Alloca,0.3333333333333333
Foundation_Wood,0.3333333333333333
HouseStyle_1Story,0.3333333333333333
RoofStyle_Flat,0.3333333333333333
BsmtFinType1_LwQ,0.3333333333333333
Exterior2nd_Other,0.3333333333333333
Neighborhood_NoRidge,0.0
Neighborhood_SWISU,0.0
Neighborhood_Sawyer,0.0
Neighborhood_SawyerW,0.0
BsmtFinSF2,0.0
BsmtCond,0.0
MiscFeature_Othr,0.0
MiscFeature_Gar2,0.0
Fence_GdPrv,0.0
Fence_MnWw,0.0
LowQualFinSF,0.0
PavedDrive_P,0.0
Condition1_Feedr,0.0
Condition1_PosA,0.0
Condition1_PosN,0.0
Condition1_RRAn,0.0
Condition1_RRNn,0.0
Condition1_RRNe,0.0
Condition2_Artery,0.0
Condition2_Norm,0.0
LotConfig_FR2,0.0
Condition2_PosN,0.0
LotConfig_Corner,0.0
Condition2_RRAe,0.0
LotConfig_FR3,0.0
LandSlope_Mod,0.0
LandSlope_Gtl,0.0
LotConfig_Inside,0.0
Neighborhood_CollgCr,0.0
Neighborhood_IDOTRR,0.0
Neighborhood_NAmes,0.0
LandSlope_Sev,0.0
Neighborhood_Blmngtn,0.0
Neighborhood_Blueste,0.0
Neighborhood_BrDale,0.0
Neighborhood_ClearCr,0.0
Neighborhood_NPkVill,0.0
Neighborhood_Mitchel,0.0
Neighborhood_Timber,0.0
Neighborhood_Somerst,0.0
Exterior1st_CBlock,0.0
HouseStyle_1.5Unf,0.0
HouseStyle_2.5Unf,0.0
HouseStyle_2.5Fin,0.0
Exterior2nd_BrkFace,0.0
Exterior2nd_CBlock,0.0
Exterior2nd_CmentBd,0.0
RoofStyle_Gable,0.0
RoofStyle_Gambrel,0.0
Exterior1st_Wd Sdng,0.0
Exterior2nd_AsbShng,0.0
Exterior2nd_AsphShn,0.0
Exterior1st_Plywood,0.0
Exterior1st_ImStucc,0.0
Exterior1st_HdBoard,0.0
Exterior1st_CemntBd,0.0
Foundation_BrkTil,0.0
Exterior1st_Stucco,0.0
Exterior1st_Stone,0.0
Exterior1st_WdShing,0.0
Exterior2nd_Wd Shng,0.0
HouseStyle_1.5Fin,0.0
Exterior1st_AsbShng,0.0
Exterior1st_AsphShn,0.0
RoofMatl_WdShake,0.0
RoofMatl_Tar&Grv,0.0
RoofMatl_Roll,0.0
RoofMatl_Metal,0.0
RoofStyle_Shed,0.0
RoofStyle_Mansard,0.0
RoofStyle_Hip,0.0
HouseStyle_2Story,0.0
BldgType_2fmCon,0.0
BldgType_TwnhsE,0.0
HouseStyle_SFoyer,0.0
HouseStyle_SLvl,0.0
BsmtExposure_None,0.0
BsmtFinType1_ALQ,0.0
BsmtFinType1_BLQ,0.0
BsmtFinType1_None,0.0
BsmtFinType1_Unf,0.0
BsmtFinType1_Rec,0.0
Exterior2nd_ImStucc,0.0
Exterior2nd_HdBoard,0.0
Exterior2nd_Stucco,0.0
Exterior2nd_Stone,0.0
Exterior2nd_MetalSd,0.0
Exterior2nd_Plywood,0.0
Exterior2nd_Wd Sdng,0.0
MasVnrType_BrkFace,0.0
MasVnrType_BrkCmn,0.0
Foundation_Slab,0.0
Alley_Pave,0.0
LotShape_IR1,0.0
LotShape_IR2,0.0
Alley_Grvl,0.0
Electrical_FuseA,0.0
Heating_OthW,0.0
BsmtExposure_Av,0.0
BsmtExposure_Mn,0.0
LandContour_Lvl,0.0
LandContour_Low,0.0
LandContour_Bnk,0.0
LandContour_HLS,0.0
LotShape_IR3,0.0
Utilities_NoSeWa,0.0
Utilities_AllPub,0.0
Foundation_Stone,0.0
BsmtFinType2_BLQ,0.0
BsmtFinType2_LwQ,0.0
BsmtFinType2_Rec,0.0
BsmtFinType2_None,0.0
BsmtFinType2_Unf,0.0
Heating_Floor,0.0
Heating_GasW,0.0
Heating_GasA,0.0
Street_Pave,0.0
Street_Grvl,0.0
Functional_Maj1,0.0
GarageType_CarPort,0.0
GarageType_BuiltIn,0.0
GarageType_2Types,0.0
Functional_Min2,0.0
Functional_Min1,0.0
PoolArea,0.0
PoolQC,0.0
MiscVal,0.0
MSZoning_RH,0.0
Electrical_FuseF,0.0
Electrical_FuseP,0.0
Electrical_SBrkr,0.0
BsmtHalfBath,0.0
SaleCondition_AdjLand,0.0
ScreenPorch,0.0
3SsnPorch,0.0
SaleType_ConLw,0.0
SaleType_Oth,0.0
SaleType_Con,0.0
SaleType_CWD,0.0
MiscFeature_TenC,0.0
