technique,model,n_features,cv_log_rmse,cv_log_r2,test_log_rmse,test_original_rmse,test_original_mae,test_original_r2,cv_seconds,train_seconds
baseline,XGBoost,262,0.1160204843921697,0.9136651482845036,0.1149186051513956,18924.44479891508,13884.409674657543,0.9351643215333972,3.475186399999074,0.704379600007087
baseline,SVR,262,0.1182894072656178,0.9101727982849488,0.1220118812751587,20351.784462078464,13973.499038224008,0.9250152833557,0.6449699000077089,0.1213304999982938
baseline,RandomForest,262,0.1301475385868847,0.8916877320557182,0.1387558649681026,22379.650194590857,15548.83281091905,0.909327758172295,10.03772839999874,2.3861371999955736
filter_kbest,SVR,50,0.1293075812614552,0.8926206784450093,0.1469867444844439,23389.591835738407,16475.607144122805,0.9009594480782432,0.2894586999900639,0.0592814999981783
filter_kbest,RandomForest,50,0.1357807694156059,0.8821097229683389,0.1462943502814597,23140.77453574551,16456.537956123888,0.9030554168647188,5.155720200011274,1.1732766999921296
filter_kbest,XGBoost,50,0.1330177449221157,0.886609841939037,0.1441410504520413,23000.044513078614,16755.148985980315,0.9042309633914172,2.297981900002924,0.4289070999948308
filter_mi,SVR,50,0.121529078206975,0.9049498329807268,0.1339351609076857,21647.748190328268,15607.326761382898,0.9151614532534464,6.147308199986583,1.370725200002198
filter_mi,RandomForest,50,0.1319978054232664,0.8885489937233416,0.1418274983246693,22461.202487769868,15683.138969613634,0.9086657279656848,11.179349900005036,2.6080159999983152
filter_mi,XGBoost,50,0.1252084734819679,0.8994106610523064,0.1288274833309747,20127.464579857053,14469.782480736309,0.9266591552900506,7.703182999990531,1.7965403999987757
wrapper_rfe,SVR,50,0.1334893538239261,0.8854534102857258,0.132205247735618,24033.13572079668,16304.830941451532,0.8954344457833137,0.4533931000041775,0.0742262000130722
wrapper_rfe,RandomForest,50,0.1305110587821703,0.8911098735654889,0.139855605361602,22188.704108091337,15553.988324741626,0.9108684122059996,84.05879629999981,20.621129599996493
wrapper_rfe,XGBoost,50,0.1161457453088782,0.913468422099396,0.1134036025537579,18189.61933597101,13109.008561643834,0.9401016324450444,25.3296524000034,5.661698099997011
embedded_lasso,SVR,50,0.1145989983924696,0.9153292522415016,0.1209181522541436,20437.404768062963,14478.131905273318,0.9243830322259576,3.461320500005968,0.6480722999986028
embedded_lasso,RandomForest,50,0.1292567019223738,0.8930852884341128,0.1361508824243558,21592.504154087343,15224.631764875485,0.915593908715598,6.241494700007024,1.7882991999940714
embedded_lasso,XGBoost,50,0.1184126297632586,0.9099709945029076,0.1173768882625033,19361.86589207738,13779.526220034257,0.932132448526468,4.59573790000286,1.2620640999957686
embedded_rf,SVR,50,0.1188100764207536,0.908635780625921,0.1281150665210636,20383.06324375729,14502.315088691988,0.9247846172989892,2.493353499987279,0.5573508999950718
embedded_rf,RandomForest,50,0.130340029622199,0.8913432012406537,0.1403410240812649,22184.44702761849,15517.481761490231,0.9109026101420962,7.630788499998744,1.778195599996252
embedded_rf,XGBoost,50,0.1218131982629422,0.90458616633833,0.1215953038342884,19506.10194409889,14152.666390196924,0.9311175247499982,4.533976000006078,0.9231131999986246
