technique,model,n_features,cv_log_rmse,cv_log_r2,test_log_rmse,test_original_rmse,test_original_mae,test_original_r2,cv_seconds,train_seconds,cv_log_rmse_std,cv_log_mae,cv_original_rmse,cv_original_mae,cv_original_r2,test_log_mae,test_log_r2
filter_kbest,SVR,50,0.12930758126145528,0.8926206784450093,0.14698674448444393,23389.591835738407,16475.607144122805,0.9009594480782432,0.2894586999900639,0.05928149999817833,0.013249672455624327,0.09014008852978264,23745.986562605372,15703.354972209694,0.9106188082370682,0.09777686641981619,0.8718378106447611
filter_kbest,RandomForest,50,0.13578076941560596,0.8821097229683389,0.14629435028145973,23140.77453574551,16456.537956123888,0.9030554168647188,5.155720200011274,1.1732766999921296,0.01499210129412404,0.09326023784194458,27086.79430280805,16826.817444623208,0.8855684906731677,0.09826991057277042,0.8730424056759276
filter_kbest,XGBoost,50,0.13301774492211577,0.886609841939037,0.1441410504520413,23000.044513078614,16755.148985980315,0.9042309633914172,2.297981900002924,0.4289070999948308,0.013441365452732544,0.09434392588100446,26244.840576682902,16925.30769219306,0.891543630353962,0.10023156830605409,0.8767522666279138
filter_mi,SVR,50,0.12152907820697509,0.9049498329807267,0.13393516090768579,21647.748190328268,15607.326761382898,0.9151614532534464,6.147308199986583,1.370725200002198,0.012645253243380767,0.08466881343159383,22949.504232637602,14972.596509494713,0.9156128446296108,0.09152318578253461,0.8935874665099955
filter_mi,RandomForest,50,0.13199780542326645,0.8885489937233416,0.14182749832466937,22461.202487769868,15683.138969613634,0.9086657279656848,11.179349900005036,2.6080159999983152,0.015152878747086157,0.0908628563638291,26645.145726721978,16434.526225502766,0.8890943460254673,0.09336288695622362,0.8806769184685498
filter_mi,XGBoost,50,0.12520847348196795,0.8994106610523064,0.12882748333097474,20127.464579857053,14469.782480736309,0.9266591552900506,7.703182999990531,1.7965403999987757,0.010714734321104109,0.08694280586530737,24448.321327437247,15564.293789089725,0.9063738917176316,0.08588029812162429,0.9015488890434162
wrapper_rfe,SVR,50,0.13348935382392618,0.8854534102857258,0.13220524773561804,24033.135720796676,16304.830941451532,0.8954344457833137,0.45339310000417754,0.07422620001307223,0.010974409078840472,0.09622916682623038,24787.953982240717,16804.038344586366,0.9033390055427042,0.09307263570837915,0.8963185734161124
wrapper_rfe,RandomForest,50,0.13051105878217034,0.8911098735654889,0.139855605361602,22188.704108091337,15553.988324741626,0.9108684122059996,84.05879629999981,20.621129599996493,0.014458649051110488,0.08915571481210478,26553.172070914814,16207.66830082161,0.8900979219552347,0.09212941107686806,0.8839718599813078
wrapper_rfe,XGBoost,50,0.11614574530887825,0.9134684220993959,0.11340360255375792,18189.619335971012,13109.008561643834,0.9401016324450445,25.329652400003397,5.661698099997011,0.012811831403355333,0.0800083173282985,22567.26666030136,14244.859933719414,0.9197810781261924,0.07767351570046757,0.9237118157977106
