technique,model,k,cv_log_rmse,cv_log_rmse_std
filter_kbest,SVR,10,0.15105888000667345,0.012611431938399396
filter_kbest,SVR,20,0.14030690466752221,0.011065966556002772
filter_kbest,SVR,30,0.1361206141976759,0.012984730160996258
filter_kbest,SVR,50,0.12930758126145497,0.013249672455624235
filter_kbest,SVR,80,0.12562754239041726,0.01415830221630016
filter_kbest,SVR,120,0.11946298832447541,0.013776578656802551
filter_kbest,SVR,180,0.11414575734902987,0.011584103719955007
filter_kbest,SVR,262,0.1182894072656174,0.01085285538841766
filter_kbest,RandomForest,10,0.14938040754801785,0.013003896593506203
filter_kbest,RandomForest,20,0.13993237154531019,0.015466459921884572
filter_kbest,RandomForest,30,0.1380587817390426,0.015123707300691498
filter_kbest,RandomForest,50,0.1358983640483556,0.015019748262602545
filter_kbest,RandomForest,80,0.1329255644332289,0.015071883034155619
filter_kbest,RandomForest,120,0.1315323387245626,0.014663554204507902
filter_kbest,RandomForest,180,0.13093682479358137,0.014690106343346896
filter_kbest,RandomForest,262,0.13059292232470182,0.015077851358107032
filter_kbest,XGBoost,10,0.14610745351983995,0.012866084026666355
filter_kbest,XGBoost,20,0.1387490626035345,0.010453456525582197
filter_kbest,XGBoost,30,0.13736172562014146,0.011311801068213565
filter_kbest,XGBoost,50,0.13301774492211577,0.013441365452732544
filter_kbest,XGBoost,80,0.1284144634601762,0.01238725971980458
filter_kbest,XGBoost,120,0.1226451951406147,0.012633457253194728
filter_kbest,XGBoost,180,0.11755196928278848,0.012369909390421789
filter_kbest,XGBoost,262,0.11602048439216979,0.011792209095125907
filter_mi,SVR,10,0.15008235331827935,0.015291617405445214
filter_mi,SVR,20,0.13959641307608672,0.01158178306235527
filter_mi,SVR,30,0.12801636947076095,0.015627702796679983
filter_mi,SVR,50,0.12152907820697559,0.012645253243380965
filter_mi,SVR,80,0.11824059121518733,0.012863255877890646
filter_mi,SVR,120,0.11404832865547351,0.011754704072937428
filter_mi,SVR,180,0.10863451716469859,0.009517508833873308
filter_mi,SVR,262,0.1182894072656174,0.01085285538841766
filter_mi,RandomForest,10,0.14954634541284678,0.015915692294458886
filter_mi,RandomForest,20,0.1403938718912944,0.015594072123096355
filter_mi,RandomForest,30,0.13384001056929745,0.01590099869082358
filter_mi,RandomForest,50,0.13159464032402207,0.015280470163066703
filter_mi,RandomForest,80,0.1307155122183838,0.01572295999158215
filter_mi,RandomForest,120,0.1300031543986432,0.015096070560961603
filter_mi,RandomForest,180,0.13011901675456125,0.015394392007687049
filter_mi,RandomForest,262,0.13059292232470182,0.015077851358107032
filter_mi,XGBoost,10,0.15071764333878418,0.013887352423409821
filter_mi,XGBoost,20,0.14015956128515372,0.010576076398626942
filter_mi,XGBoost,30,0.1277954790388391,0.01379560509541494
filter_mi,XGBoost,50,0.12520847348196795,0.010714734321104109
filter_mi,XGBoost,80,0.12405332829242939,0.01170733906327354
filter_mi,XGBoost,120,0.12039549842075706,0.013211720340609181
filter_mi,XGBoost,180,0.11737945578922131,0.010935059065488006
filter_mi,XGBoost,262,0.11602048439216979,0.011792209095125907
