Feature,Count
LotFrontage,2
LotArea,2
OverallQual,2
OverallCond,2
YearBuilt,2
MasVnrArea,2
ExterQual,2
BsmtQual,2
BsmtFinSF1,2
KitchenQual,2
HeatingQC,2
GrLivArea,2
1stFlrSF,2
Fireplaces,2
TotRmsAbvGrd,2
FireplaceQu,2
RemodAge,2
YrSold,2
MoSold,2
EnclosedPorch,2
OpenPorchSF,2
WoodDeckSF,2
GarageQual,2
GarageArea,2
GarageCars,2
MSZoning_RL,2
TotalBath,2
HouseAge,2
TotalSF,2
MSZoning_RM,2
PavedDrive_N,2
BsmtExposure_Gd,2
CentralAir_N,2
GarageFinish_Unf,2
SaleCondition_Abnorml,2
Fence_GdWo,2
HalfBath,1
ExterCond,1
BsmtHalfBath,1
LowQualFinSF,1
BsmtFullBath,1
MiscVal,1
PoolArea,1
MSZoning_FV,1
MSZoning_C (all),1
Alley_None,1
LotShape_IR1,1
LotShape_IR2,1
LotConfig_CulDSac,1
LotConfig_Inside,1
LandSlope_Gtl,1
BedroomAbvGr,1
KitchenAbvGr,1
BsmtFinSF2,1
BsmtCond,1
ScreenPorch,1
3SsnPorch,1
Neighborhood_MeadowV,1
Neighborhood_Gilbert,1
Neighborhood_Edwards,1
Neighborhood_Crawfor,1
Neighborhood_BrkSide,1
LandSlope_Sev,1
Neighborhood_Mitchel,1
Neighborhood_NWAmes,1
Condition1_RRAe,1
BldgType_1Fam,1
BldgType_Twnhs,1
HouseStyle_2Story,1
Neighborhood_Somerst,1
Neighborhood_StoneBr,1
Neighborhood_NridgHt,1
Neighborhood_SawyerW,1
Exterior1st_HdBoard,1
Exterior1st_BrkFace,1
Exterior2nd_HdBoard,1
Exterior1st_MetalSd,1
MasVnrType_BrkFace,1
MasVnrType_Stone,1
Foundation_CBlock,1
Exterior1st_Wd Sdng,1
Foundation_PConc,1
BsmtExposure_No,1
BsmtFinType1_LwQ,1
BsmtFinType1_GLQ,1
HouseStyle_SLvl,1
RoofStyle_Gable,1
Condition1_Artery,1
Condition1_Norm,1
Heating_Grav,1
BsmtFinType2_BLQ,1
BsmtFinType1_Unf,1
BsmtFinType1_Rec,1
Functional_Typ,1
Functional_Mod,1
GarageType_Basment,1
Functional_Maj2,1
GarageType_Attchd,1
PavedDrive_Y,1
Fence_MnPrv,1
Fence_None,1
MiscFeature_None,1
SaleType_COD,1
SaleType_New,1
Functional_Min1,1
SaleType_WD,1
SaleCondition_Normal,1
MSSubClass,1
YearRemodAdd,1
BsmtUnfSF,1
TotalBsmtSF,1
2ndFlrSF,1
FullBath,1
GarageYrBlt,1
GarageCond,1
LotShape_Reg,1
Neighborhood_OldTown,1
Exterior2nd_Brk Cmn,1
CentralAir_Y,1
GarageType_Detchd,1
SaleCondition_Family,1
