model,technique,n_features,cv_log_rmse,cv_log_rmse_std,pct_vs_baseline,test_log_rmse,test_original_rmse,test_original_r2,cv_seconds,train_seconds,rank
RandomForest,baseline,262,0.1301,0.0147,0.0,0.1388,22379.6502,0.9093,10.0377,2.3861,2
RandomForest,filter_kbest,50,0.1358,0.015,4.3283,0.1463,23140.7745,0.9031,5.1557,1.1733,6
RandomForest,filter_mi,50,0.132,0.0152,1.4217,0.1418,22461.2025,0.9087,11.1793,2.608,5
RandomForest,wrapper_rfe,50,0.1305,0.0145,0.2793,0.1399,22188.7041,0.9109,84.0588,20.6211,4
RandomForest,embedded_lasso,50,0.1293,0.0134,-0.6845,0.1362,21592.5042,0.9156,6.2415,1.7883,1
RandomForest,embedded_rf,50,0.1303,0.015,0.1479,0.1403,22184.447,0.9109,7.6308,1.7782,3
SVR,baseline,262,0.1183,0.0109,0.0,0.122,20351.7845,0.925,0.645,0.1213,2
SVR,filter_kbest,50,0.1293,0.0132,9.3146,0.147,23389.5918,0.901,0.2895,0.0593,5
SVR,filter_mi,50,0.1215,0.0126,2.7388,0.1339,21647.7482,0.9152,6.1473,1.3707,4
SVR,wrapper_rfe,50,0.1335,0.011,12.8498,0.1322,24033.1357,0.8954,0.4534,0.0742,6
SVR,embedded_lasso,50,0.1146,0.011,-3.1198,0.1209,20437.4048,0.9244,3.4613,0.6481,1
SVR,embedded_rf,50,0.1188,0.0116,0.4402,0.1281,20383.0632,0.9248,2.4934,0.5574,3
XGBoost,baseline,262,0.116,0.0118,0.0,0.1149,18924.4448,0.9352,3.4752,0.7044,1
XGBoost,filter_kbest,50,0.133,0.0134,14.6502,0.1441,23000.0445,0.9042,2.298,0.4289,6
XGBoost,filter_mi,50,0.1252,0.0107,7.9193,0.1288,20127.4646,0.9267,7.7032,1.7965,5
XGBoost,wrapper_rfe,50,0.1161,0.0128,0.108,0.1134,18189.6193,0.9401,25.3297,5.6617,2
XGBoost,embedded_lasso,50,0.1184,0.0092,2.0618,0.1174,19361.8659,0.9321,4.5957,1.2621,3
XGBoost,embedded_rf,50,0.1218,0.0117,4.9928,0.1216,19506.1019,0.9311,4.534,0.9231,4
